Date,Date Processed,Description,Amount,Foreign Spend Amount,Commission,Exchange Rate,Additional Information,Appears On Your Statement As,Address,Town/City,Postcode,Country,Reference
24/05/2024,25/05/2024,NORTH SANDWICH&BURGER,-10.69,,,,AEDMO,NORTH SANDWICH&BURGER,"309 KENT STREET
SHOP 3","CHIPPENDALE
NSW",2008,AUSTRALIA,'AT241460004000010026940'
24/05/2024,25/05/2024,NORTH SANDWICH&BURGER 6 CHIPPENDALE,53.45,,,,,NORTH SANDWICH&BURGER 6 CHIPPENDALE,"309 KENT STREET
SHOP 3","CHIPPENDALE
NSW",2008,AUSTRALIA,'AT241460004000010018135'
24/05/2024,25/05/2024,POCKET ROCKETZ          Ultimo,36.48,,,,,POCKET ROCKETZ          Ultimo,,,,,'AT241460004000010046583'
24/05/2024,25/05/2024,PROVENANCE BY ANDREW BA Ultimo,36.48,,,,,PROVENANCE BY ANDREW BA Ultimo,,,,,'AT241460004000010046582'
24/05/2024,25/05/2024,SHERIDAN OUTLET         KEW,26.00,,,,,SHERIDAN OUTLET         KEW,"45 JONES ST
LEVEL 6","ULTIMO
NSW",2007,AUSTRALIA,'AT241460004000010037137'
24/05/2024,25/05/2024,SMOKEY SUE'S            Haymarket,38.00,,,,,SMOKEY SUE'S            Haymarket,,,,,'AT241460004000010020200'
24/05/2024,25/05/2024,THE Q ON HARRIS,-0.80,,,,AEDMO,THE Q ON HARRIS,597 HARRIS ST,"ULTIMO
NSW",2007,AUSTRALIA,'AT241460004000010026939'
24/05/2024,25/05/2024,THE Q ON HARRIS 58996   ULTIMO,4.00,,,,,THE Q ON HARRIS 58996   ULTIMO,597 HARRIS ST,"ULTIMO
NSW",2007,AUSTRALIA,'AT241460004000010017801'
23/05/2024,24/05/2024,GRAM CAFE THE GALERIES,-2.96,,,,AEDMO,GRAM CAFE THE GALERIES,"500 GEORGE STREET
SHOP RG016 THE GALERIES","SYDNEY
NSW",2000,AUSTRALIA,'AT241450004000010035006'
23/05/2024,23/05/2024,GRAM CAFE THE GALERIES  Sydney,14.82,,,,,GRAM CAFE THE GALERIES  Sydney,"500 GEORGE STREET
SHOP RG016 THE GALERIES","SYDNEY
NSW",2000,AUSTRALIA,'AT241440009000010000734'
22/05/2024,22/05/2024,BPAY PAYMENT-THANK YOU REC # 8112686749,-3789.15,,,,,BPAY PAYMENT-THANK YOU REC # 8112686749,,,,,'AT241430022000010011393'
22/05/2024,23/05/2024,EDITION ROASTERS MC,-1.20,,,,AEDMO,EDITION ROASTERS MC,"197 PITT STREET
SHOP L0 51 MIDCITY CENTRE","SYDNEY
NSW",2000,AUSTRALIA,'AT241440004000010053605'
22/05/2024,23/05/2024,EDITION ROASTERS MC 124 SYDNEY,6.00,,,,,EDITION ROASTERS MC 124 SYDNEY,"197 PITT STREET
SHOP L0 51 MIDCITY CENTRE","SYDNEY
NSW",2000,AUSTRALIA,'AT241440004000010037791'
22/05/2024,24/05/2024,PAYPAL *CANCERCOUNC     01300656585,5.28,,,,,PAYPAL *CANCERCOUNC     01300656585,"615 ST
KILDA ROAD","MELBOURNE
VIC",3004,AUSTRALIA,'AT241450004000010001746'
21/05/2024,23/05/2024,BOOM CAFE,-4.00,,,,AEDMO,BOOM CAFE,5 124 ROWE STREET,"EASTWOOD
NSW",2122,AUSTRALIA,'AT241440004000010000276'
21/05/2024,22/05/2024,BOOM CAFE 111667        EASTWOOD,20.00,,,,,BOOM CAFE 111667        EASTWOOD,5 124 ROWE STREET,"EASTWOOD
NSW",2122,AUSTRALIA,'AT241430004000010002548'
21/05/2024,23/05/2024,COLES WEST RYDE 968     WEST RYDE,34.65,,,,,COLES WEST RYDE 968     WEST RYDE,WEST RYDE CHATHAM ROAD BETTS ST,"WEST RYDE
NSW",2114,AUSTRALIA,'AT241440004000010021800'
20/05/2024,21/05/2024,ESSENTIAL THAI PTY LTD  EASTWOOD,60.90,,,,,ESSENTIAL THAI PTY LTD  EASTWOOD,SUITE 2 26 ROWE STREET,"EASTWOOD
NSW",2122,AUSTRALIA,'AT241420004000010012270'
20/05/2024,20/05/2024,LIM'S HOT BREAD         Eastwood,9.60,,,,,LIM'S HOT BREAD         Eastwood,10 PROGRESS AVENUE,"EASTWOOD
NSW",2122,AUSTRALIA,'AT241410004000010037741'
19/05/2024,20/05/2024,CENTURY VENUES MARRICKV MARRICKVILLE,112.00,,,,,CENTURY VENUES MARRICKV MARRICKVILLE,"105 VICTORIA ROAD
105","MARRICKVILLE
NSW",2204,AUSTRALIA,'AT241410009000010010408'
19/05/2024,20/05/2024,EDITION ROASTERS,-1.32,,,,AEDMO,EDITION ROASTERS,60 DARLING DRIVE,"HAYMARKET
NSW",2000,AUSTRALIA,'AT241410004000010064575'
19/05/2024,20/05/2024,EDITION ROASTERS 79951  HAYMARKET,6.60,,,,,EDITION ROASTERS 79951  HAYMARKET,60 DARLING DRIVE,"HAYMARKET
NSW",2000,AUSTRALIA,'AT241410004000010059247'
18/05/2024,18/05/2024,KAPPUCCINO,-0.84,,,,AEDMO,KAPPUCCINO,373 375 BULWARA ROAD,"ULTIMO
NSW",2007,AUSTRALIA,'AT241390009000010010482'
18/05/2024,18/05/2024,KAPPUCCINO              Ultimo,4.20,,,,,KAPPUCCINO              Ultimo,373 375 BULWARA ROAD,"ULTIMO
NSW",2007,AUSTRALIA,'AT241390004000010023273'
18/05/2024,19/05/2024,KINDLE SVCS             503-7150002,19.99,,,,,KINDLE SVCS             503-7150002,410 TERRY AVE NORTH,"SEATTLE
WA",98109,UNITED STATES,'AT241400004000010001564'
18/05/2024,19/05/2024,WOOLWORTHS 1129 MACQUAR NORTH RYDE,3.00,,,,,WOOLWORTHS 1129 MACQUAR NORTH RYDE,"MACQUARIE CENTRE
109 WATERLOO ROAD","MACQUARIE PARK
NSW",2113,AUSTRALIA,'AT241400004000010018436'
17/05/2024,18/05/2024,PAYPAL *UFC.TV          5166228300,10.99,,,,,PAYPAL *UFC.TV          5166228300,1 YORK STREET,"SYDNEY
NSW",2000,AUSTRALIA,'AT241390004000010063457'
17/05/2024,18/05/2024,THE Q ON HARRIS,-0.80,,,,AEDMO,THE Q ON HARRIS,597 HARRIS ST,"ULTIMO
NSW",2007,AUSTRALIA,'AT241390004000010018713'
17/05/2024,18/05/2024,THE Q ON HARRIS 58996   ULTIMO,4.00,,,,,THE Q ON HARRIS 58996   ULTIMO,597 HARRIS ST,"ULTIMO
NSW",2007,AUSTRALIA,'AT241390004000010015517'
16/05/2024,17/05/2024,EDITION ROASTERS 79951  HAYMARKET,6.00,,,,,EDITION ROASTERS 79951  HAYMARKET,60 DARLING DRIVE,"HAYMARKET
NSW",2000,AUSTRALIA,'AT241380004000010053627'
16/05/2024,18/05/2024,MYHEALTH DARLING SQUARE SYDNEY,72.47,,,,,MYHEALTH DARLING SQUARE SYDNEY,SHOP 1 64 DARLING DRIVE,"SYDNEY
NSW",2000,AUSTRALIA,'AT241390004000010043347'
16/05/2024,17/05/2024,THE Q ON HARRIS 58996   ULTIMO,4.00,,,,,THE Q ON HARRIS 58996   ULTIMO,597 HARRIS ST,"ULTIMO
NSW",2007,AUSTRALIA,'AT241380004000010055291'
15/05/2024,16/05/2024,CITY DAE JANG KUM       HAYMARKET,51.90,,,,,CITY DAE JANG KUM       HAYMARKET,35 GOULBURN STREET,"HAYMARKET
NSW",2000,AUSTRALIA,'AT241370004000010021755'
15/05/2024,17/05/2024,HARRIS FARM MARKETS     BROADWAY,18.99,,,,,HARRIS FARM MARKETS     BROADWAY,"SHOP LG6 BROADWAY S/C
1 BAY STREET","ULTIMO
NSW",2007,AUSTRALIA,'AT241380004000010018749'
15/05/2024,16/05/2024,ZILIA                   SYDNEY,7.65,,,,,ZILIA                   SYDNEY,"SHOP 6.13 MLC CENTRE
19-29 MARTIN PLACE","SYDNEY
NSW",2000,AUSTRALIA,'AT241370004000010046075'
14/05/2024,14/05/2024,EDITION ROASTERS MC 124 SYDNEY,5.00,,,,,EDITION ROASTERS MC 124 SYDNEY,"197 PITT STREET
SHOP L0 51 MIDCITY CENTRE","SYDNEY
NSW",2000,AUSTRALIA,'AT241350010000010002952'
14/05/2024,16/05/2024,GUZMAN Y GOMEZ MARTIN P SYDNEY,16.90,,,,,GUZMAN Y GOMEZ MARTIN P SYDNEY,"SHOP 14 LEVEL 6 MLC CENTRE FOOD
COURT MARTIN PLACE CASTLEREAGH STREET","SYDNEY
NSW",2000,AUSTRALIA,'AT241370004000010017095'
13/05/2024,14/05/2024,AN VIET EASTWOOD PTY 16 EASTWOOD,19.90,,,,,AN VIET EASTWOOD PTY 16 EASTWOOD,10 1 GLEN STREET,"EASTWOOD
NSW",2122,AUSTRALIA,'AT241350004000010057381'
13/05/2024,13/05/2024,GLOBIRD ENERGY PTY LTD  RINGWOOD,33.74,,,,,GLOBIRD ENERGY PTY LTD  RINGWOOD,"UNIT 10
613 WHITEHORSE ROAD","RINGWOOD
VIC",3134,AUSTRALIA,'AT241340009000010008487'
12/05/2024,13/05/2024,LS PRIDE ONE HOLDINGS   RYDE,9.40,,,,,LS PRIDE ONE HOLDINGS   RYDE,2 COLLINGRIDGE DRIVE,RYDE,2112,AUSTRALIA,'AT241340004000010063377'
12/05/2024,13/05/2024,PANTRY STORY            STANMORE,34.81,,,,,PANTRY STORY            STANMORE,336 PARRAMATTA ROAD,"STANMORE
NSW",2048,AUSTRALIA,'AT241340004000010062169'
11/05/2024,12/05/2024,Craig Cook The Natural  BROADWAY,20.31,,,,,Craig Cook The Natural  BROADWAY,"SHOP 3-4 BROADWAY S/C
1 BAY STREET","ULTIMO
NSW",2007,AUSTRALIA,'AT241330003000010061386'
11/05/2024,12/05/2024,HARRIS FARM MARKETS     BROADWAY,22.99,,,,,HARRIS FARM MARKETS     BROADWAY,"SHOP LG6 BROADWAY S/C
1 BAY STREET","ULTIMO
NSW",2007,AUSTRALIA,'AT241330003000010003645'
11/05/2024,11/05/2024,LS VIA ARTISTS          SYDNEY,138.00,,,,,LS VIA ARTISTS          SYDNEY,"188 PITT STREET
SHOP 1001D","SYDNEY
NSW",2000,AUSTRALIA,'AT241320004000010054302'
11/05/2024,12/05/2024,MUJI RETAIL (AUSTRALIA) SYDNEY,3.75,,,,,MUJI RETAIL (AUSTRALIA) SYDNEY,"MUJI THE GALERIES
SHOP RP104 PODIUM ONE
500 GEORGE STREET","SYDNEY
NSW",2000,AUSTRALIA,'AT241330003000010069348'
11/05/2024,12/05/2024,THE Q ON HARRIS 58996   ULTIMO,4.00,,,,,THE Q ON HARRIS 58996   ULTIMO,597 HARRIS ST,"ULTIMO
NSW",2007,AUSTRALIA,'AT241330003000010031861'
11/05/2024,13/05/2024,WW METRO 1449 PYRMONT   PYRMONT,36.70,,,,,WW METRO 1449 PYRMONT   PYRMONT,63 MILLER ST,"PYRMONT
NSW",2009,AUSTRALIA,'AT241340004000010012271'
10/05/2024,10/05/2024,ALL PURPOSE BAKERY      Sydney,16.66,,,,,ALL PURPOSE BAKERY      Sydney,9 BARRACK STREET,"SYDNEY
NSW",2000,AUSTRALIA,'AT241310004000010057031'
10/05/2024,12/05/2024,GONG GROCER             SYDNEY,19.25,,,,,GONG GROCER             SYDNEY,644 GEORGE ST,"SYDNEY
NSW",2000,AUSTRALIA,'AT241330003000010054580'
10/05/2024,11/05/2024,LIQUORLAND EXP SYD WORL SYDNEY,22.00,,,,,LIQUORLAND EXP SYD WORL SYDNEY,"WORLD SQUARE
SHOP 9 650 GEORGE ST","SYDNEY
NSW",2000,AUSTRALIA,'AT241320004000010008407'
10/05/2024,11/05/2024,ZILIA                   SYDNEY,15.81,,,,,ZILIA                   SYDNEY,"SHOP 6.13 MLC CENTRE
19-29 MARTIN PLACE","SYDNEY
NSW",2000,AUSTRALIA,'AT241320004000010057129'
09/05/2024,09/05/2024,OUTTA COFFEE PTY LTD    Haymarket,10.00,,,,,OUTTA COFFEE PTY LTD    Haymarket,17 VALENTINE ST,"HAYMARKET
NSW",2000,AUSTRALIA,'AT241300009000010007715'
09/05/2024,10/05/2024,THE Q ON HARRIS 58996   ULTIMO,4.00,,,,,THE Q ON HARRIS 58996   ULTIMO,597 HARRIS ST,"ULTIMO
NSW",2007,AUSTRALIA,'AT241310004000010047683'
08/05/2024,09/05/2024,PAYPAL *NETFLIX AUS     4085403700,22.99,,,,,PAYPAL *NETFLIX AUS     4085403700,BUSINESS BAKER MCKENSIE LEVEL 19,"MELBOURNE
VIC",3000,AUSTRALIA,'AT241300003000010031797'
07/05/2024,08/05/2024,EDITION ROASTERS MC 124 SYDNEY,6.00,,,,,EDITION ROASTERS MC 124 SYDNEY,"197 PITT STREET
SHOP L0 51 MIDCITY CENTRE","SYDNEY
NSW",2000,AUSTRALIA,'AT241290004000010003030'
07/05/2024,08/05/2024,SYDNEY PARK CYCLERY     ST PETERS,70.00,,,,,SYDNEY PARK CYCLERY     ST PETERS,83-85 PRINCES HIGHWAY,"SAINT PETERS
NSW",2044,AUSTRALIA,'AT241290004000010032840'
06/05/2024,08/05/2024,PIXEL PERFECT PROLAB    ULTIMO,258.75,,,,,PIXEL PERFECT PROLAB    ULTIMO,"17-19 Mary Ann St
""TAFE Ultimo Campus, Building H""","Ultimo
NSW",2007,AUSTRALIA,'AT241290004000010021452'
06/05/2024,08/05/2024,THAI KEE IGA SUPERMARKE HAYMARKET,52.99,,,,,THAI KEE IGA SUPERMARKE HAYMARKET,"SHOP R 101 MARKET CITY
C 2A QUAY STREET","HAYMARKET
NSW",2000,AUSTRALIA,'AT241290004000010018726'
05/05/2024,06/05/2024,JB HI FI MACQUARIE,-10.00,,,,JB HiFi,JB HI FI MACQUARIE,"SHOP 429
MACQUARIE CENTRE CNR HERRING AND WATERLOO ROADS","NORTH RYDE
NSW",2113,AUSTRALIA,'AT241270004000010053893'
05/05/2024,06/05/2024,PANTRY STORY            STANMORE,19.36,,,,,PANTRY STORY            STANMORE,336 PARRAMATTA ROAD,"STANMORE
NSW",2048,AUSTRALIA,'AT241270004000010063292'
05/05/2024,05/05/2024,WWW.SIXPENNY.COM.AU     PETERSHAM,537.46,,,,,WWW.SIXPENNY.COM.AU     PETERSHAM,"49 NEW CANTERBERRY ROAD
UNIT 4","PETERSHAM
NSW",2049,AUSTRALIA,'AT241260010000010006310'
04/05/2024,05/05/2024,AN VIET EASTWOOD PTY 16 EASTWOOD,51.70,,,,,AN VIET EASTWOOD PTY 16 EASTWOOD,10 1 GLEN STREET,"EASTWOOD
NSW",2122,AUSTRALIA,'AT241260004000010003173'
04/05/2024,06/05/2024,APEX PETROLEUM WEST RYD WEST RYDE,107.50,,,,,APEX PETROLEUM WEST RYD WEST RYDE,989-902 VICTORIA ROAD,"WEST RYDE
NSW",2114,AUSTRALIA,'AT241270004000010042871'
04/05/2024,06/05/2024,GOOGLE *YOUTUBE         G.CO/HELPPAY#,2.00,,,,,GOOGLE *YOUTUBE         G.CO/HELPPAY#,"50 BRIDGE STREET
LEVEL 27 AMP CENTRE","SYDNEY
NSW",2000,AUSTRALIA,'AT241270004000010001265'
04/05/2024,06/05/2024,JB HI FI MACQUARIE      NORTH RYDE,234.60,,,,,JB HI FI MACQUARIE      NORTH RYDE,"SHOP 429
MACQUARIE CENTRE CNR HERRING AND WATERLOO ROADS","NORTH RYDE
NSW",2113,AUSTRALIA,'AT241270004000010035772'
04/05/2024,05/05/2024,OFFICEWORKS WEST RYDE - WEST RYDE,3.40,,,,,OFFICEWORKS WEST RYDE - WEST RYDE,1927-933 VICTORIA ROAD,"WEST RYDE
NSW",2114,AUSTRALIA,'AT241260004000010026164'
04/05/2024,05/05/2024,OFFICEWORKS WEST RYDE - WEST RYDE,3.97,,,,,OFFICEWORKS WEST RYDE - WEST RYDE,1927-933 VICTORIA ROAD,"WEST RYDE
NSW",2114,AUSTRALIA,'AT241260004000010026165'
04/05/2024,04/05/2024,UNIQLO AUSTRALIA PTY LT MELBOURNE,54.90,,,,,UNIQLO AUSTRALIA PTY LT MELBOURNE,"SHOP 0004
MACQUARIE CENTRE
WATERLOO ROAD","NORTH RYDE
NSW",2113,AUSTRALIA,'AT241250009000010001607'
03/05/2024,04/05/2024,CALI PRESS - MARTIN PLA SYDNEY,16.06,,,,,CALI PRESS - MARTIN PLA SYDNEY,215 COOGEE BAY ROAD,"COOGEE
NSW",2034,AUSTRALIA,'AT241250004000010027106'
03/05/2024,04/05/2024,CITY PHYSIO SYDNEY P/L  SYDNEY,136.00,,,,,CITY PHYSIO SYDNEY P/L  SYDNEY,STE 1004LVL 10 MLC CENTRE,"SYDNEY
NSW",2000,AUSTRALIA,'AT241250004000010029104'
03/05/2024,04/05/2024,EDITION ROASTERS MC 124 SYDNEY,6.00,,,,,EDITION ROASTERS MC 124 SYDNEY,"197 PITT STREET
SHOP L0 51 MIDCITY CENTRE","SYDNEY
NSW",2000,AUSTRALIA,'AT241250004000010001498'
02/05/2024,03/05/2024,PORTAFILTER             Sydney,4.50,,,,,PORTAFILTER             Sydney,"25 MARTIN PLACE
SHOP 1","SYDNEY
NSW",2000,AUSTRALIA,'AT241240003000010009720'
02/05/2024,03/05/2024,THE Q ON HARRIS 58996   ULTIMO,4.00,,,,,THE Q ON HARRIS 58996   ULTIMO,597 HARRIS ST,"ULTIMO
NSW",2007,AUSTRALIA,'AT241240003000010056277'
01/05/2024,02/05/2024,CINNABON DARLING SQ 128 HAYMARKET,5.89,,,,,CINNABON DARLING SQ 128 HAYMARKET,SE12 88 HAY STREET,"HAYMARKET
NSW",2000,AUSTRALIA,'AT241230003000010038921'
01/05/2024,01/05/2024,KAPPUCCINO              Ultimo,4.20,,,,,KAPPUCCINO              Ultimo,373 375 BULWARA ROAD,"ULTIMO
NSW",2007,AUSTRALIA,'AT241220004000010009341'
01/05/2024,02/05/2024,KRITTIYA PRASANSORN     PYRMONT,89.32,,,,,KRITTIYA PRASANSORN     PYRMONT,152313 HARRIS ST,"PYRMONT
NSW",2009,AUSTRALIA,'AT241230003000010022718'
01/05/2024,02/05/2024,MARKET CITY PHARMACY    HAYMARKET,31.60,,,,,MARKET CITY PHARMACY    HAYMARKET,SHOP R127 9 13 HAY STREET,"HAYMARKET
NSW",2000,AUSTRALIA,'AT241230003000010027345'
01/05/2024,02/05/2024,ULTIMOMEDICALPRACTICE 1 ULTIMO,125.10,,,,,ULTIMOMEDICALPRACTICE 1 ULTIMO,82 MOUNTAIN STREET,"ULTIMO
NSW",2007,AUSTRALIA,'AT241230003000010037402'
30/04/2024,01/05/2024,EDITION ROASTERS MC 124 SYDNEY,6.00,,,,,EDITION ROASTERS MC 124 SYDNEY,"197 PITT STREET
SHOP L0 51 MIDCITY CENTRE","SYDNEY
NSW",2000,AUSTRALIA,'AT241220004000010003541'
30/04/2024,03/05/2024,PAYPAL *STEAM GAMES     4029357733,54.97,,,,,PAYPAL *STEAM GAMES     4029357733,9 RODINGSMARKT,"04258899642
000",20 459,UNITED KINGDOM OF GB AND NI,'AT241240003000010044593'
29/04/2024,30/04/2024,THE Q ON HARRIS 58996   ULTIMO,4.00,,,,,THE Q ON HARRIS 58996   ULTIMO,597 HARRIS ST,"ULTIMO
NSW",2007,AUSTRALIA,'AT241210004000010018145'
29/04/2024,01/05/2024,YONGHUI SUPERMARKET     EASTWOOD,8.00,,,,,YONGHUI SUPERMARKET     EASTWOOD,169 ROWE STREET,"EASTWOOD
NSW",2122,AUSTRALIA,'AT241220004000010031594'
28/04/2024,29/04/2024,BONDS OUTLET            KEW,17.99,,,,,BONDS OUTLET            KEW,115 COTHAM ROAD,"KEW
VIC",3101,AUSTRALIA,'AT241200004000010044408'
28/04/2024,30/04/2024,VICTORIA'S BASEMENT     ALEXANDRIA,-59.95,,,,,VICTORIA'S BASEMENT     ALEXANDRIA,1 EUSTON ROAD,"ALEXANDRIA
NSW",2015,AUSTRALIA,'AT241210004000010040043'
28/04/2024,30/04/2024,VICTORIA'S BASEMENT     ALEXANDRIA,55.90,,,,,VICTORIA'S BASEMENT     ALEXANDRIA,1 EUSTON ROAD,"ALEXANDRIA
NSW",2015,AUSTRALIA,'AT241210004000010040042'
27/04/2024,28/04/2024,BUNNINGS LIDCOMBE 7173  LIDCOMBE,16.28,,,,,BUNNINGS LIDCOMBE 7173  LIDCOMBE,2329 PARRAMATTA ROAD,"LIDCOMBE
NSW",2141,AUSTRALIA,'AT241190003000010051839'
27/04/2024,28/04/2024,CN POULTRY EASTWOOD 849 EASTWOOD,15.71,,,,,CN POULTRY EASTWOOD 849 EASTWOOD,SHOP 4 1 LAKESIDE ROAD,"EASTWOOD
NSW",2122,AUSTRALIA,'AT241190003000010067331'
27/04/2024,30/04/2024,PAYPAL *IKEA AU 4008.84 0280206641,19.00,,,,,PAYPAL *IKEA AU 4008.84 0280206641,630 PRINCES HIGHWAY,"TEMPE
NSW",2044,AUSTRALIA,'AT241210004000010026728'
27/04/2024,28/04/2024,RUMBLES FINE CAFE       EASTWOOD,23.30,,,,,RUMBLES FINE CAFE       EASTWOOD,136 ROWE ST,"EASTWOOD
NSW",2122,AUSTRALIA,'AT241190003000010055343'
27/04/2024,28/04/2024,SUPERFRESH              EASTWOOD,20.89,,,,,SUPERFRESH              EASTWOOD,"SHOP 8
NO 1 PROGRESS AVE","EASTWOOD
NSW",2122,AUSTRALIA,'AT241190003000010020865'
26/04/2024,27/04/2024,EDITION ROASTERS MC 124 SYDNEY,6.00,,,,,EDITION ROASTERS MC 124 SYDNEY,"197 PITT STREET
SHOP L0 51 MIDCITY CENTRE","SYDNEY
NSW",2000,AUSTRALIA,'AT241180004000010011114'
26/04/2024,26/04/2024,LETAO SYDNEY            Sydney,20.29,,,,,LETAO SYDNEY            Sydney,501 GEORGE STREET,"SYDNEY
NSW",2000,AUSTRALIA,'AT241170010000010001303'
26/04/2024,27/04/2024,THE Q ON HARRIS 58996   ULTIMO,4.00,,,,,THE Q ON HARRIS 58996   ULTIMO,597 HARRIS ST,"ULTIMO
NSW",2007,AUSTRALIA,'AT241180004000010012628'
25/04/2024,26/04/2024,BLACKBIRD AND CO        ERSKINEVILLE,5.18,,,,,BLACKBIRD AND CO        ERSKINEVILLE,"SHOP 1
177 MITCHELL ROAD","ERSKINEVILLE
NSW",2043,AUSTRALIA,'AT241170004000010009044'
25/04/2024,27/04/2024,PAYPAL *CONDE NAST NEWY 8557561671,9.47,6.00 USD,0.28,,,PAYPAL *CONDE NAST NEWY 8557561671,2211 NORTH 1ST ST,"SAN JOSE
CA",95131,UNITED STATES,'AT241180009000010003962'
24/04/2024,24/04/2024,ALL PURPOSE BAKERY      Sydney,14.14,,,,,ALL PURPOSE BAKERY      Sydney,9 BARRACK STREET,"SYDNEY
NSW",2000,AUSTRALIA,'AT241150004000010008877'
24/04/2024,25/04/2024,EDITION ROASTERS MC 124 SYDNEY,6.00,,,,,EDITION ROASTERS MC 124 SYDNEY,"197 PITT STREET
SHOP L0 51 MIDCITY CENTRE","SYDNEY
NSW",2000,AUSTRALIA,'AT241160004000010006892'
24/04/2024,26/04/2024,GONG GROCER             SYDNEY,5.50,,,,,GONG GROCER             SYDNEY,644 GEORGE ST,"SYDNEY
NSW",2000,AUSTRALIA,'AT241170004000010009410'
24/04/2024,26/04/2024,KINOKUNIYA BOOK STORES  SYDNEY,65.40,,,,,KINOKUNIYA BOOK STORES  SYDNEY,"SHOP RP2.02 THE GALERIES
500 GEORGE STREET","SYDNEY
NSW",2000,AUSTRALIA,'AT241170004000010013165'
23/04/2024,23/04/2024,BPAY PAYMENT-THANK YOU REC # 2987836484,-4399.66,,,,,BPAY PAYMENT-THANK YOU REC # 2987836484,,,,,'AT241140022000010010045'
23/04/2024,24/04/2024,EDITION ROASTERS MC 124 SYDNEY,11.00,,,,,EDITION ROASTERS MC 124 SYDNEY,"197 PITT STREET
SHOP L0 51 MIDCITY CENTRE","SYDNEY
NSW",2000,AUSTRALIA,'AT241150004000010048620'
23/04/2024,25/04/2024,IKEA TEMPE              TEMPE,129.00,,,,,IKEA TEMPE              TEMPE,634-726 PRINCES HIGHWAY,"TEMPE
NSW",2044,AUSTRALIA,'AT241160004000010040508'
22/04/2024,24/04/2024,CHEMIST WAREHOUSE SYDNE SYDNEY,35.08,,,,,CHEMIST WAREHOUSE SYDNE SYDNEY,249-241 PITT STREET,"SYDNEY
NSW",2000,AUSTRALIA,'AT241150004000010036061'
22/04/2024,24/04/2024,UPPERROOM HOLDINGS PTY  SYDNEY,19.31,,,,,UPPERROOM HOLDINGS PTY  SYDNEY,220 PITT STREET,"SYDNEY
NSW",2000,AUSTRALIA,'AT241150004000010002374'
22/04/2024,23/04/2024,WW METRO 1211 PITT STRE SYDNEY,1.84,,,,,WW METRO 1211 PITT STRE SYDNEY,189 PITT STREET,"SYDNEY
NSW",2000,AUSTRALIA,'AT241140004000010019842'
21/04/2024,21/04/2024,BTB KIRRIBILLI          Milsons Point,10.54,,,,,BTB KIRRIBILLI          Milsons Point,2 ENNIS ROAD,"MILSONS POINT
NSW",2061,AUSTRALIA,'AT241120003000010057913'
20/04/2024,21/04/2024,MARKET CITY PHARMACY    HAYMARKET,21.00,,,,,MARKET CITY PHARMACY    HAYMARKET,SHOP R127 9 13 HAY STREET,"HAYMARKET
NSW",2000,AUSTRALIA,'AT241120003000010039136'
20/04/2024,22/04/2024,THAI KEE IGA SUPERMARKE HAYMARKET,7.81,,,,,THAI KEE IGA SUPERMARKE HAYMARKET,"SHOP R 101 MARKET CITY
C 2A QUAY STREET","HAYMARKET
NSW",2000,AUSTRALIA,'AT241130004000010040037'
20/04/2024,22/04/2024,VICTORIA'S BASEMENT AUB AUBURN,641.40,,,,,VICTORIA'S BASEMENT AUB AUBURN,101 PARRAMATTA ROAD,"AUBURN
NSW",2144,AUSTRALIA,'AT241130004000010040903'
19/04/2024,20/04/2024,EDITION ROASTERS 79951  HAYMARKET,6.50,,,,,EDITION ROASTERS 79951  HAYMARKET,60 DARLING DRIVE,"HAYMARKET
NSW",2000,AUSTRALIA,'AT241110004000010008446'
19/04/2024,21/04/2024,VICTORIA'S BASEMENT     ALEXANDRIA,17.95,,,,,VICTORIA'S BASEMENT     ALEXANDRIA,1 EUSTON ROAD,"ALEXANDRIA
NSW",2015,AUSTRALIA,'AT241120003000010028075'
18/04/2024,20/04/2024,BUDGET PETROL CHIPPENDA CHIPPENDALE,47.38,,,,,BUDGET PETROL CHIPPENDA CHIPPENDALE,70 REGENT STREET,"CHIPPENDALE
NSW",2008,AUSTRALIA,'AT241110004000010033245'
18/04/2024,18/04/2024,EDITION ROASTERS 79951  HAYMARKET,5.00,,,,,EDITION ROASTERS 79951  HAYMARKET,60 DARLING DRIVE,"HAYMARKET
NSW",2000,AUSTRALIA,'AT241090009000010004745'
18/04/2024,19/04/2024,KMART BROADWAY 1155     BROADWAY,-29.00,,,,,KMART BROADWAY 1155     BROADWAY,"BROADWAY S/C
1 BAY ST","ULTIMO
NSW",2007,AUSTRALIA,'AT241100003000010021971'
18/04/2024,19/04/2024,KMART BROADWAY 1155     BROADWAY,21.00,,,,,KMART BROADWAY 1155     BROADWAY,"BROADWAY S/C
1 BAY ST","ULTIMO
NSW",2007,AUSTRALIA,'AT241100003000010021970'
18/04/2024,19/04/2024,KMART BROADWAY 1155     BROADWAY,93.80,,,,,KMART BROADWAY 1155     BROADWAY,"BROADWAY S/C
1 BAY ST","ULTIMO
NSW",2007,AUSTRALIA,'AT241100003000010021972'
18/04/2024,20/04/2024,MYHEALTH DARLING SQUARE SYDNEY,143.52,,,,,MYHEALTH DARLING SQUARE SYDNEY,SHOP 1 64 DARLING DRIVE,"SYDNEY
NSW",2000,AUSTRALIA,'AT241110004000010026941'
18/04/2024,20/04/2024,PIXEL PERFECT PROLAB    ULTIMO,15.00,,,,,PIXEL PERFECT PROLAB    ULTIMO,"17-19 Mary Ann St
""TAFE Ultimo Campus, Building H""","Ultimo
NSW",2007,AUSTRALIA,'AT241110004000010032538'
16/04/2024,17/04/2024,GLOBIRD ENERGY PTY LTD  RINGWOOD,33.74,,,,,GLOBIRD ENERGY PTY LTD  RINGWOOD,"UNIT 10
613 WHITEHORSE ROAD","RINGWOOD
VIC",3134,AUSTRALIA,'AT241080004000010000787'
15/04/2024,16/04/2024,CHAFFEE HOUSE           EASTWOOD,4.50,,,,,CHAFFEE HOUSE           EASTWOOD,139 ROWE ST,"EASTWOOD
NSW",2122,AUSTRALIA,'AT241070004000010029468'
15/04/2024,16/04/2024,HAVEN SPECIALTY COFFEE  Ultimo,5.00,,,,,HAVEN SPECIALTY COFFEE  Ultimo,85 HARBOUR ST,"HAYMARKET
NSW",2000,AUSTRALIA,'AT241070004000010031803'
12/04/2024,12/04/2024,ALL PURPOSE BAKERY      Sydney,20.20,,,,,ALL PURPOSE BAKERY      Sydney,9 BARRACK STREET,"SYDNEY
NSW",2000,AUSTRALIA,'AT241030004000010032517'
12/04/2024,13/04/2024,CITY PHYSIO SYDNEY P/L  SYDNEY,143.00,,,,,CITY PHYSIO SYDNEY P/L  SYDNEY,STE 1004LVL 10 MLC CENTRE,"SYDNEY
NSW",2000,AUSTRALIA,'AT241040004000010041602'
12/04/2024,13/04/2024,UBER TRIP               HELP.UBER.COM,11.36,,,,,UBER TRIP               HELP.UBER.COM,"LEVEL 2
625 HARRIS ST","ULTIMO
NSW",2007,AUSTRALIA,'AT241040004000010033953'
11/04/2024,13/04/2024,CHEMISTWORKS BROADWAY   BROADWAY,52.65,,,,,CHEMISTWORKS BROADWAY   BROADWAY,"SHOP G14 BROADWAY S/C
1 BAY STREET","ULTIMO
NSW",2007,AUSTRALIA,'AT241040004000010048319'
11/04/2024,12/04/2024,PORTAFILTER             Sydney,4.00,,,,,PORTAFILTER             Sydney,"25 MARTIN PLACE
SHOP 1","SYDNEY
NSW",2000,AUSTRALIA,'AT241030004000010035166'
11/04/2024,12/04/2024,SHAVER SHOP BROADWAY    BROADWAY,22.90,,,,,SHAVER SHOP BROADWAY    BROADWAY,1 BAY ST,"ULTIMO
NSW",2007,AUSTRALIA,'AT241030004000010051967'
11/04/2024,13/04/2024,THAI KEE IGA SUPERMARKE HAYMARKET,-5.99,,,,,THAI KEE IGA SUPERMARKE HAYMARKET,"SHOP R 101 MARKET CITY
C 2A QUAY STREET","HAYMARKET
NSW",2000,AUSTRALIA,'AT241040004000010021131'
11/04/2024,13/04/2024,THAI KEE IGA SUPERMARKE HAYMARKET,77.10,,,,,THAI KEE IGA SUPERMARKE HAYMARKET,"SHOP R 101 MARKET CITY
C 2A QUAY STREET","HAYMARKET
NSW",2000,AUSTRALIA,'AT241040004000010021130'
11/04/2024,12/04/2024,ULTIMOMEDICALPRACTICE 1 ULTIMO,86.40,,,,,ULTIMOMEDICALPRACTICE 1 ULTIMO,82 MOUNTAIN STREET,"ULTIMO
NSW",2007,AUSTRALIA,'AT241030004000010043043'
11/04/2024,12/04/2024,WIN KEE BUTCHERY PTY. 1 HAYMARKET,23.71,,,,,WIN KEE BUTCHERY PTY. 1 HAYMARKET,9 QUAY ST,"HAYMARKET
NSW",2000,AUSTRALIA,'AT241030004000010043531'
10/04/2024,11/04/2024,MAMAKSMLC 112906        SYDNEY,17.50,,,,,MAMAKSMLC 112906        SYDNEY,"29 6 MARTIN PLACE
MLC CENTRE 6K5 19","SYDNEY
NSW",2000,AUSTRALIA,'AT241020004000010007809'
10/04/2024,11/04/2024,PAYPAL *BULKNUTRIEN     4029357733,64.00,,,,,PAYPAL *BULKNUTRIEN     4029357733,7 CRABTREE ROAD,"GROVE
TAS",7109,AUSTRALIA,'AT241020004000010010566'
10/04/2024,12/04/2024,THAI KEE IGA SUPERMARKE HAYMARKET,100.48,,,,,THAI KEE IGA SUPERMARKE HAYMARKET,"SHOP R 101 MARKET CITY
C 2A QUAY STREET","HAYMARKET
NSW",2000,AUSTRALIA,'AT241030004000010022540'
09/04/2024,10/04/2024,CHAFFEE HOUSE           EASTWOOD,4.50,,,,,CHAFFEE HOUSE           EASTWOOD,139 ROWE ST,"EASTWOOD
NSW",2122,AUSTRALIA,'AT241010004000010010966'
09/04/2024,10/04/2024,KMALL09 EASTWOOD        EASTWOOD,51.21,,,,,KMALL09 EASTWOOD        EASTWOOD,SHOP 1 1-7 ROWE ST,"EASTWOOD
NSW",2122,AUSTRALIA,'AT241010004000010009528'
08/04/2024,10/04/2024,JIHUN LEE               EASTWOOD,14.50,,,,,JIHUN LEE               EASTWOOD,62-80 ROWE ST,"EASTWOOD
NSW",2122,AUSTRALIA,'AT241010004000010040269'
08/04/2024,09/04/2024,PAYPAL *NETFLIX AUS     4085403700,22.99,,,,,PAYPAL *NETFLIX AUS     4085403700,BUSINESS BAKER MCKENSIE LEVEL 19,"MELBOURNE
VIC",3000,AUSTRALIA,'AT241000004000010032886'
07/04/2024,07/04/2024,AIRTASKER* 15122045X    SYDNEY,84.75,,,,,AIRTASKER* 15122045X    SYDNEY,LEVEL 20 109 PITT STREET,"SYDNEY
NSW",2000,AUSTRALIA,'AT240980008000010003534'
07/04/2024,07/04/2024,AIRTASKER* 15122439X    SYDNEY,67.80,,,,,AIRTASKER* 15122439X    SYDNEY,LEVEL 20 109 PITT STREET,"SYDNEY
NSW",2000,AUSTRALIA,'AT240980008000010003535'
07/04/2024,09/04/2024,CONCIERGE CAR WASH - BR BROADWAY,70.56,,,,,CONCIERGE CAR WASH - BR BROADWAY,"BROADWAY
SHOPPING CENTRE LEVEL B1 NORTH 1 BAY STREET","BROADWAY
NSW",2007,AUSTRALIA,'AT241000004000010007452'
07/04/2024,08/04/2024,PAYPAL *BIG W           01300244999,114.00,,,,,PAYPAL *BIG W           01300244999,1 WOOLWORTHS WAY,"BELLA VISTA
NSW",2153,AUSTRALIA,'AT240990004000010001453'
05/04/2024,05/04/2024,CITY PHYSIO SYDNEY P/L  SYDNEY,72.00,,,,,CITY PHYSIO SYDNEY P/L  SYDNEY,STE 1004LVL 10 MLC CENTRE,"SYDNEY
NSW",2000,AUSTRALIA,'AT240960014000010031966'
05/04/2024,05/04/2024,KABUL SOCIAL WYNARD     Sydney,57.51,,,,,KABUL SOCIAL WYNARD     Sydney,SHOP J15/,SYDNEY,2000,AUSTRALIA,'AT240960003000010007287'
05/04/2024,06/04/2024,KUNG FU CLUB 79952      SYDNEY,49.20,,,,,KUNG FU CLUB 79952      SYDNEY,"388 PITT STREET
LEVEL 1","SYDNEY
NSW",2000,AUSTRALIA,'AT240970010000010017141'
05/04/2024,06/04/2024,SEOULRIA                SYDNEY,203.00,,,,,SEOULRIA                SYDNEY,"LEVEL 2 605-609
GEORGE STREET","SYDNEY
NSW",2000,AUSTRALIA,'AT240970010000010006792'
04/04/2024,04/04/2024,WW METRO 1211 PITT STRE SYDNEY,13.00,,,,,WW METRO 1211 PITT STRE SYDNEY,189 PITT STREET,"SYDNEY
NSW",2000,AUSTRALIA,'AT240950010000010011627'
03/04/2024,04/04/2024,CHEMIST WAREHOUSE SYDNE SYDNEY,29.69,,,,,CHEMIST WAREHOUSE SYDNE SYDNEY,RETAIL GROUND FLOOR 80 PITT STREET,"SYDNEY
NSW",2000,AUSTRALIA,'AT240950004000010005511'
03/04/2024,04/04/2024,OUTTA COFFEE PTY LTD    Haymarket,4.50,,,,,OUTTA COFFEE PTY LTD    Haymarket,17 VALENTINE ST,"HAYMARKET
NSW",2000,AUSTRALIA,'AT240950004000010031446'
03/04/2024,04/04/2024,WW METRO 1211 PITT STRE SYDNEY,18.95,,,,,WW METRO 1211 PITT STRE SYDNEY,189 PITT STREET,"SYDNEY
NSW",2000,AUSTRALIA,'AT240950010000010011642'
01/04/2024,04/04/2024,PAYPAL *SCORPIONTEC     4029357733,635.29,,,,,PAYPAL *SCORPIONTEC     4029357733,UNIT 6 2 GARDEN ROAD,"CLAYTON
VIC",3168,AUSTRALIA,'AT240950004000010040355'
01/04/2024,03/04/2024,PAYPAL *THEGOODGUYS     4029357733,365.00,,,,,PAYPAL *THEGOODGUYS     4029357733,60 CITY ROAD,"SOUTHBANK
VIC",3006,AUSTRALIA,'AT240940004000010013576'
31/03/2024,31/03/2024,WOOLWORTHS 1177 FORSTER FORSTER,5.10,,,,,WOOLWORTHS 1177 FORSTER FORSTER,CNR THE LAKES WAY BREESE PARADE,"FORSTER
NSW",2428,AUSTRALIA,'AT240910010000010020582'
29/03/2024,29/03/2024,KUKI SOFT SERVE & BAKE  Ultimo,7.09,,,,,KUKI SOFT SERVE & BAKE  Ultimo,18 STEAM MILL LANE,"HAYMARKET
NSW",2000,AUSTRALIA,'AT240890009000010031561'
27/03/2024,28/03/2024,CITY PHYSIO SYDNEY P/L  SYDNEY,68.00,,,,,CITY PHYSIO SYDNEY P/L  SYDNEY,STE 1004LVL 10 MLC CENTRE,"SYDNEY
NSW",2000,AUSTRALIA,'AT240880003000010034307'
27/03/2024,29/03/2024,WW METRO 1716 HAYMARKET HAYMARKET,30.35,,,,,WW METRO 1716 HAYMARKET HAYMARKET,61-79 QUAY STREET,"HAYMARKET
NSW",1208,AUSTRALIA,'AT240890003000010010804'
26/03/2024,26/03/2024,BALANCE TRANSFERRED,1761.86,,,,,BALANCE TRANSFERRED,,,,,'S0002408617371180800104'
26/03/2024,26/03/2024,REVERSAL OF BALANCE TRANSFER,-1761.86,,,,,REVERSAL OF BALANCE TRANSFER,,,,,'S0002408617371180200104'
25/03/2024,25/03/2024,CHAFFEE HOUSE           EASTWOOD,4.50,,,,,CHAFFEE HOUSE           EASTWOOD,139 ROWE ST,"EASTWOOD
NSW",2122,AUSTRALIA,'AT240850010000010022427'
25/03/2024,26/03/2024,PAYPAL *ADIDASAUSTR     4029357733,31.50,,,,,PAYPAL *ADIDASAUSTR     4029357733,"37 DUNLOP ROAD
LEVEL 1","MULGRAVE
VIC",3170,AUSTRALIA,'AT240860003000010006573'
24/03/2024,25/03/2024,APEX PETROLEUM WEST RYD WEST RYDE,105.90,,,,,APEX PETROLEUM WEST RYD WEST RYDE,989-902 VICTORIA ROAD,"WEST RYDE
NSW",2114,AUSTRALIA,'AT240850010000010022257'
24/03/2024,25/03/2024,BUNNINGS WAREHOUSE ALEX ALEXANDRIA,618.43,,,,,BUNNINGS WAREHOUSE ALEX ALEXANDRIA,8-40 EUSTON ROAD,"ALEXANDRIA
NSW",2015,AUSTRALIA,'AT240850003000010014237'
24/03/2024,25/03/2024,JB HI FI BROADWAY       BROADWAY,996.00,,,,,JB HI FI BROADWAY       BROADWAY,"SHOP 207 BROADWAY S/C
1 BAY ST","ULTIMO
NSW",2007,AUSTRALIA,'AT240850010000010010953'
20/03/2024,20/03/2024,BPAY PAYMENT-THANK YOU REC # 3800987161,-5653.78,,,,,BPAY PAYMENT-THANK YOU REC # 3800987161,,,,,'AT240800022000010012041'
18/03/2024,18/03/2024,GLOBIRD ENERGY PTY LTD  RINGWOOD,9.30,,,,,GLOBIRD ENERGY PTY LTD  RINGWOOD,"UNIT 10
613 WHITEHORSE ROAD","RINGWOOD
VIC",3134,AUSTRALIA,'AT240780009000010028568'
16/03/2024,17/03/2024,PAYPAL *CRUNCHYROLL     4157963560,10.99,,,,,PAYPAL *CRUNCHYROLL     4157963560,1 YORK STREET,"SYDNEY
NSW",2000,AUSTRALIA,'AT240770004000010004691'
13/03/2024,14/03/2024,CHEMIST WAREHOUSE EASTW EASTWOOD,13.99,,,,,CHEMIST WAREHOUSE EASTW EASTWOOD,157 ROWE ST,"EASTWOOD
NSW",2122,AUSTRALIA,'AT240740004000010001226'
13/03/2024,14/03/2024,WOOLWORTHS 1200 EASTWOO EASTWOOD,2.75,,,,,WOOLWORTHS 1200 EASTWOO EASTWOOD,160 ROWE STREET,"EASTWOOD
NSW",2122,AUSTRALIA,'AT240740014000010004434'
10/03/2024,13/03/2024,PAYPAL *TEMPLWEBSTR     0282643200,906.95,,,,,PAYPAL *TEMPLWEBSTR     0282643200,1-7 UNWINS BRIDGE ROAD,"ST PETERS
NSW",2044,AUSTRALIA,'AT240730003000010016682'
08/03/2024,09/03/2024,PAYPAL *NETFLIX AUS     4085403700,22.99,,,,,PAYPAL *NETFLIX AUS     4085403700,BUSINESS BAKER MCKENSIE LEVEL 19,"MELBOURNE
VIC",3000,AUSTRALIA,'AT240690003000010010015'
28/02/2024,28/02/2024,WOOLWORTHS 1200 EASTWOO EASTWOOD,4.00,,,,,WOOLWORTHS 1200 EASTWOO EASTWOOD,160 ROWE STREET,"EASTWOOD
NSW",2122,AUSTRALIA,'AT240590014000010011820'
26/02/2024,27/02/2024,CHEMIST WAREHOUSE EASTW EASTWOOD,12.99,,,,,CHEMIST WAREHOUSE EASTW EASTWOOD,157 ROWE ST,"EASTWOOD
NSW",2122,AUSTRALIA,'AT240580014000010014230'
26/02/2024,27/02/2024,CHEMIST WAREHOUSE EASTW EASTWOOD,19.99,,,,,CHEMIST WAREHOUSE EASTW EASTWOOD,157 ROWE ST,"EASTWOOD
NSW",2122,AUSTRALIA,'AT240580014000010014229'
26/02/2024,27/02/2024,SLAR GROUP PTY LTD      GLADESVILLE,16.75,,,,,SLAR GROUP PTY LTD      GLADESVILLE,317-319 VICTORIA ROAD,"GLADESVILLE
NSW",2111,AUSTRALIA,'AT240580014000010012969'
24/02/2024,25/02/2024,HAVEN SPECIALTY COFFEE  Haymarket,15.40,,,,,HAVEN SPECIALTY COFFEE  Haymarket,85 HARBOUR ST,"HAYMARKET
NSW",2000,AUSTRALIA,'AT240560004000010014287'
23/02/2024,24/02/2024,RICE & CURRY 83215      PYRMONT,76.80,,,,,RICE & CURRY 83215      PYRMONT,137 313 HARRIS STREET,"PYRMONT
NSW",2009,AUSTRALIA,'AT240550014000010001673'
22/02/2024,23/02/2024,NANJING DUMPLING 135612 HAYMARKET,8.24,,,,,NANJING DUMPLING 135612 HAYMARKET,SHOP 4 63 69 DIXON STREET,"HAYMARKET
NSW",2000,AUSTRALIA,'AT240540014000010001472'
21/02/2024,23/02/2024,CANTEEN TAIWAN 85577    EASTWOOD,24.36,,,,,CANTEEN TAIWAN 85577    EASTWOOD,11 12 178 182 ROWE STREET,"EASTWOOD
NSW",2122,AUSTRALIA,'AT240540004000010032888'
21/02/2024,21/02/2024,YT GROUP PTY LTD        SILVERWATER,1650.00,,,,,YT GROUP PTY LTD        SILVERWATER,90-92 SILVERWATER ROAD,"SILVERWATER
NSW",2128,AUSTRALIA,'AT240520014000010002927'
19/02/2024,19/02/2024,EDITION ROASTERS MC 124 SYDNEY,5.00,,,,,EDITION ROASTERS MC 124 SYDNEY,"197 PITT STREET
SHOP L0 51 MIDCITY CENTRE","SYDNEY
NSW",2000,AUSTRALIA,'AT240500013000010016899'
19/02/2024,19/02/2024,GLOBIRD ENERGY PTY LTD  RINGWOOD,75.24,,,,,GLOBIRD ENERGY PTY LTD  RINGWOOD,"UNIT 10
613 WHITEHORSE ROAD","RINGWOOD
VIC",3134,AUSTRALIA,'AT240500003000010000652'
19/02/2024,20/02/2024,PET INSURANCE CHATSWOOD CHATSWOOD,2232.98,,,,,PET INSURANCE CHATSWOOD CHATSWOOD,465 VICTORIA AVENUE,"CHATSWOOD
NSW",2067,AUSTRALIA,'AT240510014000010006312'
19/02/2024,20/02/2024,SR-DELI ZIOSA-SYDNEY-42 SYDNEY,12.00,,,,,SR-DELI ZIOSA-SYDNEY-42 SYDNEY,MARTIN PLACE,SYDNEY,2000,AUSTRALIA,'AT240510003000010008592'
19/02/2024,20/02/2024,UNIQLO AUSTRALIA PTY LT MELBOURNE,9.90,,,,,UNIQLO AUSTRALIA PTY LT MELBOURNE,"SHOP L01.01 MID CITY
197 PITT ST","SYDNEY
NSW",2000,AUSTRALIA,'AT240510003000010008043'
19/02/2024,20/02/2024,WOOLWORTHS 1905 BROADWA BROADWAY,6.56,,,,,WOOLWORTHS 1905 BROADWA BROADWAY,"SHOP RB12 CENTRAL PARK MALL
28 BROADWAY","CHIPPENDALE
NSW",2008,AUSTRALIA,'AT240510014000010010188'
19/02/2024,19/02/2024,ZENTARA MASSAGE SYDNEY  SYDNEY,81.20,,,,,ZENTARA MASSAGE SYDNEY  SYDNEY,225 CLARENCE STREET,"SYDNEY
NSW",2000,AUSTRALIA,'AT240500013000010007329'
18/02/2024,19/02/2024,UNIQLO AUSTRALIA PTY LT MELBOURNE,14.90,,,,,UNIQLO AUSTRALIA PTY LT MELBOURNE,"SHOP L01.01 MID CITY
197 PITT ST","SYDNEY
NSW",2000,AUSTRALIA,'AT240500003000010004188'
18/02/2024,18/02/2024,WW METRO 1716 HAYMARKET HAYMARKET,16.00,,,,,WW METRO 1716 HAYMARKET HAYMARKET,61-79 QUAY STREET,"HAYMARKET
NSW",1208,AUSTRALIA,'AT240490012000010006379'
17/02/2024,17/02/2024,BWS 6427 WEST RYDE      WEST RYDE,45.00,,,,,BWS 6427 WEST RYDE      WEST RYDE,GRAF AVENUE MARKET ST,"WEST RYDE
NSW",2114,AUSTRALIA,'AT240480013000010001780'
17/02/2024,18/02/2024,CAFE QUEENZ             Ultimo,16.30,,,,,CAFE QUEENZ             Ultimo,456 HARRIS STREET,"ULTIMO
NSW",2007,AUSTRALIA,'AT240490004000010007018'
17/02/2024,18/02/2024,JONES ST CAFE           ULTIMO,4.57,,,,,JONES ST CAFE           ULTIMO,99 JONES STREET,"ULTIMO
NSW",2007,AUSTRALIA,'AT240490004000010011518'
17/02/2024,19/02/2024,PAYPAL *NINTENDO        756629616,47.86,,,,,PAYPAL *NINTENDO        756629616,"11-1
???????????",,601-8501,JAPAN,'AT240500003000010005759'
17/02/2024,18/02/2024,YUMYUM                  Eastwood,4.89,,,,,YUMYUM                  Eastwood,3 38A AWABA STREET,"MOSMAN
NSW",2088,AUSTRALIA,'AT240490004000010019805'
16/02/2024,16/02/2024,CITY PHYSIO SYDNEY P/L  SYDNEY,7.00,,,,,CITY PHYSIO SYDNEY P/L  SYDNEY,STE 1004LVL 10 MLC CENTRE,"SYDNEY
NSW",2000,AUSTRALIA,'AT240470014000010013758'
16/02/2024,16/02/2024,CITY PHYSIO SYDNEY P/L  SYDNEY,68.00,,,,,CITY PHYSIO SYDNEY P/L  SYDNEY,STE 1004LVL 10 MLC CENTRE,"SYDNEY
NSW",2000,AUSTRALIA,'AT240470014000010013759'
16/02/2024,16/02/2024,EDITION ROASTERS MC 124 SYDNEY,5.00,,,,,EDITION ROASTERS MC 124 SYDNEY,"197 PITT STREET
SHOP L0 51 MIDCITY CENTRE","SYDNEY
NSW",2000,AUSTRALIA,'AT240470014000010018249'
16/02/2024,17/02/2024,H&M SYDNEY AU0003 H&M S SYDNEY,34.99,,,,,H&M SYDNEY AU0003 H&M S SYDNEY,"150 PITT STREET CORNER OF
KING STREET","SYDNEY
NSW",2000,AUSTRALIA,'AT240480013000010021133'
16/02/2024,17/02/2024,IMACCHERONI.COM.AU      SYDNEY,157.88,,,,,IMACCHERONI.COM.AU      SYDNEY,29 CRANBROOK STREET,"SYDNEY
NSW",2019,AUSTRALIA,'AT240480004000010004305'
16/02/2024,17/02/2024,PAYPAL *CRUNCHYROLL     4157963560,10.99,,,,,PAYPAL *CRUNCHYROLL     4157963560,1 YORK STREET,"SYDNEY
NSW",2000,AUSTRALIA,'AT240480004000010013881'
15/02/2024,15/02/2024,CANTON CAFE EASTWOOD    EASTWOOD,19.24,,,,,CANTON CAFE EASTWOOD    EASTWOOD,127 ROWE STREET,"EASTWOOD
NSW",2122,AUSTRALIA,'AT240460014000010017450'
14/02/2024,14/02/2024,BPAY PAYMENT-THANK YOU REC # 5509200613,-4261.22,,,,,BPAY PAYMENT-THANK YOU REC # 5509200613,,,,,'AT240450022000010011857'
14/02/2024,14/02/2024,ZILIA                   SYDNEY,15.81,,,,,ZILIA                   SYDNEY,"SHOP 6.13 MLC CENTRE
19-29 MARTIN PLACE","SYDNEY
NSW",2000,AUSTRALIA,'AT240450014000010006935'
13/02/2024,13/02/2024,MEMBERSHIP FEE,450.00,,,,,MEMBERSHIP FEE,,,,,'10000000010213999963870'
13/02/2024,14/02/2024,PORTAFILTER             Sydney,4.00,,,,,PORTAFILTER             Sydney,"25 MARTIN PLACE
SHOP 1","SYDNEY
NSW",2000,AUSTRALIA,'AT240450003000010000426'
12/02/2024,13/02/2024,COLES WEST RYDE 968     WEST RYDE,4.50,,,,,COLES WEST RYDE 968     WEST RYDE,WEST RYDE CHATHAM ROAD BETTS ST,"WEST RYDE
NSW",2114,AUSTRALIA,'AT240440013000010001885'
12/02/2024,13/02/2024,MEET FRESH              EASTWOOD,17.97,,,,,MEET FRESH              EASTWOOD,SHOP 6 1 GLEN ST,"EASTWOOD
NSW",2122,AUSTRALIA,'AT240440013000010010039'
12/02/2024,12/02/2024,WOOLWORTHS 1200 EASTWOO EASTWOOD,5.60,,,,,WOOLWORTHS 1200 EASTWOO EASTWOOD,160 ROWE STREET,"EASTWOOD
NSW",2122,AUSTRALIA,'AT240430013000010002586'
11/02/2024,11/02/2024,YAYOI TEISHOKU JAPANESE Haymarket,60.29,,,,,YAYOI TEISHOKU JAPANESE Haymarket,"LEVEL 3 MARKET CITY
9-13 HAY ST","HAYMARKET
NSW",2000,AUSTRALIA,'AT240420012000010016296'
08/02/2024,08/02/2024,MACHI MACHI EASTWOOD 12 EASTWOOD,7.00,,,,,MACHI MACHI EASTWOOD 12 EASTWOOD,SHOP 1204 ROWE STREET,"EASTWOOD
NSW",2122,AUSTRALIA,'AT240390013000010001146'
08/02/2024,09/02/2024,PAYPAL *NETFLIX AUS     4085403700,22.99,,,,,PAYPAL *NETFLIX AUS     4085403700,BUSINESS BAKER MCKENSIE LEVEL 19,"MELBOURNE
VIC",3000,AUSTRALIA,'AT240400003000010007450'
06/02/2024,07/02/2024,JIMMY'S FALAFEL         SYDNEY,105.09,,,,,JIMMY'S FALAFEL         SYDNEY,320-330 GEORGE ST,"SYDNEY
NSW",2000,AUSTRALIA,'AT240380014000010012193'
06/02/2024,06/02/2024,LAKSA KING 77799        SYDNEY,42.61,,,,,LAKSA KING 77799        SYDNEY,41 43 ERSKINE STREET,"SYDNEY
NSW",2000,AUSTRALIA,'AT240370003000010006333'
05/02/2024,05/02/2024,WOOLWORTHS 1200 EASTWOO EASTWOOD,22.35,,,,,WOOLWORTHS 1200 EASTWOO EASTWOOD,160 ROWE STREET,"EASTWOOD
NSW",2122,AUSTRALIA,'AT240360013000010002274'
04/02/2024,04/02/2024,EDITION ROASTERS 79951  HAYMARKET,7.15,,,,,EDITION ROASTERS 79951  HAYMARKET,60 DARLING DRIVE,"HAYMARKET
NSW",2000,AUSTRALIA,'AT240350009000010000177'
03/02/2024,04/02/2024,KAPPUCCINO              Ultimo,34.00,,,,,KAPPUCCINO              Ultimo,373 375 BULWARA ROAD,"ULTIMO
NSW",2007,AUSTRALIA,'AT240350004000010006547'
02/02/2024,03/02/2024,ICE KIRIN BAR REGENT PL Sydney,6.59,,,,,ICE KIRIN BAR REGENT PL Sydney,486 488 KENT ST,"SYDNEY
NSW",2000,AUSTRALIA,'AT240340006000010003291'
02/02/2024,03/02/2024,YAPPARI STEAK           SYDNEY,2.96,,,,,YAPPARI STEAK           SYDNEY,501 GEORGE STREET,"SYDNEY
NSW",2000,AUSTRALIA,'AT240340006000010015714'
02/02/2024,03/02/2024,YAPPARI STEAK           SYDNEY,75.17,,,,,YAPPARI STEAK           SYDNEY,501 GEORGE STREET,"SYDNEY
NSW",2000,AUSTRALIA,'AT240340006000010015706'
30/01/2024,30/01/2024,EDITION ROASTERS MC 124 SYDNEY,5.00,,,,,EDITION ROASTERS MC 124 SYDNEY,"197 PITT STREET
SHOP L0 51 MIDCITY CENTRE","SYDNEY
NSW",2000,AUSTRALIA,'AT240300013000010001048'
30/01/2024,30/01/2024,EDITION ROASTERS MC 124 SYDNEY,6.00,,,,,EDITION ROASTERS MC 124 SYDNEY,"197 PITT STREET
SHOP L0 51 MIDCITY CENTRE","SYDNEY
NSW",2000,AUSTRALIA,'AT240300013000010001063'
30/01/2024,30/01/2024,MAMAKSMLC 112906        SYDNEY,17.50,,,,,MAMAKSMLC 112906        SYDNEY,"29 6 MARTIN PLACE
MLC CENTRE 6K5 19","SYDNEY
NSW",2000,AUSTRALIA,'AT240300013000010001452'
29/01/2024,29/01/2024,MACHI MACHI EASTWOOD 12 EASTWOOD,16.24,,,,,MACHI MACHI EASTWOOD 12 EASTWOOD,SHOP 1204 ROWE STREET,"EASTWOOD
NSW",2122,AUSTRALIA,'AT240290014000010010790'
29/01/2024,30/01/2024,MEET FRESH              EASTWOOD,21.11,,,,,MEET FRESH              EASTWOOD,SHOP 6 1 GLEN ST,"EASTWOOD
NSW",2122,AUSTRALIA,'AT240300013000010008238'
28/01/2024,29/01/2024,APEX PETROLEUM WEST RYD WEST RYDE,58.24,,,,,APEX PETROLEUM WEST RYD WEST RYDE,989-902 VICTORIA ROAD,"WEST RYDE
NSW",2114,AUSTRALIA,'AT240290014000010004185'
28/01/2024,28/01/2024,MARUHAN PTY LTD         HAYMARKET,73.50,,,,,MARUHAN PTY LTD         HAYMARKET,SHOP R137 9 TO 13 HAY ST,"HAYMARKET
NSW",2000,AUSTRALIA,'AT240280012000010001329'
27/01/2024,27/01/2024,KAPPUCCINO              Ultimo,0.50,,,,,KAPPUCCINO              Ultimo,373 375 BULWARA ROAD,"ULTIMO
NSW",2007,AUSTRALIA,'AT240270003000010001363'
27/01/2024,27/01/2024,KAPPUCCINO              Ultimo,4.20,,,,,KAPPUCCINO              Ultimo,373 375 BULWARA ROAD,"ULTIMO
NSW",2007,AUSTRALIA,'AT240270003000010001303'
27/01/2024,27/01/2024,KAPPUCCINO              Ultimo,18.10,,,,,KAPPUCCINO              Ultimo,373 375 BULWARA ROAD,"ULTIMO
NSW",2007,AUSTRALIA,'AT240270003000010001350'
27/01/2024,27/01/2024,LUXE PATISSERIE & SWE 1 FAIRFIELD HEIGH,18.50,,,,,LUXE PATISSERIE & SWE 1 FAIRFIELD HEIGH,"253 THE
BOULEVARD","FAIRFIELD HEIGHTS
NSW",2165,AUSTRALIA,'AT240270012000010001094'
24/01/2024,24/01/2024,EASTWOOD THAI MASSAGE   EASTWOOD,76.00,,,,,EASTWOOD THAI MASSAGE   EASTWOOD,SUITE 2 26 ROWE STREET,"EASTWOOD
NSW",2122,AUSTRALIA,'AT240240014000010005311'
24/01/2024,26/01/2024,MACHI MACHI EASTWOOD 12 EASTWOOD,9.64,,,,,MACHI MACHI EASTWOOD 12 EASTWOOD,SHOP 1204 ROWE STREET,"EASTWOOD
NSW",2122,AUSTRALIA,'AT240260003000010000407'
24/01/2024,24/01/2024,SMALLANIMALSPECIALISTHO NORTH RYDE,239.00,,,,,SMALLANIMALSPECIALISTHO NORTH RYDE,1 RICHARDSON PLACE,"NORTH RYDE
NSW",2113,AUSTRALIA,'AT240240014000010001449'
23/01/2024,23/01/2024,EDITION ROASTERS MC 124 SYDNEY,5.00,,,,,EDITION ROASTERS MC 124 SYDNEY,"197 PITT STREET
SHOP L0 51 MIDCITY CENTRE","SYDNEY
NSW",2000,AUSTRALIA,'AT240230014000010000581'
23/01/2024,23/01/2024,EDITION ROASTERS MC 124 SYDNEY,5.50,,,,,EDITION ROASTERS MC 124 SYDNEY,"197 PITT STREET
SHOP L0 51 MIDCITY CENTRE","SYDNEY
NSW",2000,AUSTRALIA,'AT240230014000010000331'
23/01/2024,24/01/2024,HAVEN SPECIALTY COFFEE  Haymarket,7.50,,,,,HAVEN SPECIALTY COFFEE  Haymarket,85 HARBOUR ST,"HAYMARKET
NSW",2000,AUSTRALIA,'AT240240003000010005392'
23/01/2024,23/01/2024,LOCALI BY ROMEOS GEORGE SYDNEY,3.55,,,,,LOCALI BY ROMEOS GEORGE SYDNEY,388 GEORGE STREET,"SYDNEY
NSW",2000,AUSTRALIA,'AT240230014000010003532'
23/01/2024,23/01/2024,MAMAKSMLC 112906        SYDNEY,18.00,,,,,MAMAKSMLC 112906        SYDNEY,"29 6 MARTIN PLACE
MLC CENTRE 6K5 19","SYDNEY
NSW",2000,AUSTRALIA,'AT240230014000010000751'
23/01/2024,23/01/2024,QANTAS LOYALTY          MASCOT,2239.37,,,,,QANTAS LOYALTY          MASCOT,79 VICTORIA PARADE,"COLLINGWOOD
VIC",3066,AUSTRALIA,'AT240230014000010001254'
23/01/2024,24/01/2024,RIVARENO GELATO DARLIN  DARLINGHURST,6.97,,,,,RIVARENO GELATO DARLIN  DARLINGHURST,280 CROWN STREET,"DARLINGHURST
NSW",2010,AUSTRALIA,'AT240240003000010000327'
21/01/2024,22/01/2024,HANA COSMETICS          HAYMARKET,182.80,,,,,HANA COSMETICS          HAYMARKET,SHOPG1B 683-689 GEORGE ST,"HAYMARKET
NSW",2000,AUSTRALIA,'AT240220014000010002973'
21/01/2024,23/01/2024,PAYPAL *BOOKTOPIABO     01300187187,101.75,,,,,PAYPAL *BOOKTOPIABO     01300187187,3-29 BIRNIE AVENUE,"LIDCOMBE
NSW",2141,AUSTRALIA,'AT240230004000010006002'
21/01/2024,22/01/2024,THAI KEE IGA SUPERMARKE HAYMARKET,2.69,,,,,THAI KEE IGA SUPERMARKE HAYMARKET,"SHOP R 101 MARKET CITY
C 2A QUAY STREET","HAYMARKET
NSW",2000,AUSTRALIA,'AT240220014000010002378'
20/01/2024,20/01/2024,BUNNINGS WAREHOUSE ALEX ALEXANDRIA,119.61,,,,,BUNNINGS WAREHOUSE ALEX ALEXANDRIA,8-40 EUSTON ROAD,"ALEXANDRIA
NSW",2015,AUSTRALIA,'AT240200012000010003435'
20/01/2024,20/01/2024,JONES ST CAFE           ULTIMO,31.49,,,,,JONES ST CAFE           ULTIMO,99 JONES STREET,"ULTIMO
NSW",2007,AUSTRALIA,'AT240200012000010005415'
20/01/2024,20/01/2024,ORGANICA                CONCORD,109.19,,,,,ORGANICA                CONCORD,"43 MAJORS
BAY ROAD","CONCORD
NSW",2137,AUSTRALIA,'AT240200012000010009537'